[
  {
    "id": "fe7b9074-e726-4938-818c-f348225cd563",
    "user_id": "b2b512ff-f885-4701-8cf8-727b6b933077",
    "user_name": "Shaunak",
    "items": [
      {
        "item_id": "item1",
        "name": "Veg Burger",
        "price": 70,
        "qty": 1
      },
      {
        "item_id": "item2",
        "name": "Chicken Sandwich",
        "price": 120,
        "qty": 1
      },
      {
        "item_id": "item3",
        "name": "Coffee",
        "price": 40,
        "qty": 1
      }
    ],
    "total": 230,
    "status": "placed",
    "created_at": "2025-12-12T16:06:41.677317"
  },
  {
    "id": "0f7525ca-4d56-489b-8592-17b253a17aa1",
    "user_id": "b2b512ff-f885-4701-8cf8-727b6b933077",
    "user_name": "Shaunak",
    "items": [
      {
        "item_id": "item1",
        "name": "Veg Burger",
        "price": 70,
        "qty": 2
      },
      {
        "item_id": "item2",
        "name": "Chicken Sandwich",
        "price": 120,
        "qty": 1
      },
      {
        "item_id": "item3",
        "name": "Coffee",
        "price": 40,
        "qty": 1
      }
    ],
    "total": 300,
    "status": "placed",
    "created_at": "2025-12-12T16:07:53.915743"
  },
  {
    "id": "e2480ee2-5829-47fb-9815-7f627c7fc823",
    "user_id": "b2b512ff-f885-4701-8cf8-727b6b933077",
    "user_name": "Shaunak",
    "items": [
      {
        "item_id": "item1",
        "name": "Veg Burger",
        "price": 70,
        "qty": 1
      },
      {
        "item_id": "item2",
        "name": "Chicken Sandwich",
        "price": 120,
        "qty": 1
      },
      {
        "item_id": "item3",
        "name": "Coffee",
        "price": 40,
        "qty": 1
      }
    ],
    "total": 230,
    "status": "placed",
    "created_at": "2025-12-12T17:41:06.955029"
  },
  {
    "id": "e1fb4959-259c-43d5-9d21-298d0fead42a",
    "user_id": "660e0d28-7da8-44b1-962f-e25d50f4a5e1",
    "user_name": "Admin",
    "items": [
      {
        "item_id": "item3",
        "name": "Coffee",
        "price": 40,
        "qty": 2
      },
      {
        "item_id": "item1",
        "name": "Veg Burger",
        "price": 70,
        "qty": 3
      }
    ],
    "total": 290,
    "status": "placed",
    "created_at": "2025-12-22T16:46:58.178802"
  },
  {
    "id": "00dff40c-731b-49db-ace5-ec64dd1438e7",
    "user_id": "660e0d28-7da8-44b1-962f-e25d50f4a5e1",
    "user_name": "Admin",
    "items": [
      {
        "item_id": "item1",
        "name": "Veg Burger",
        "price": 70,
        "qty": 2
      },
      {
        "item_id": "item2",
        "name": "Chicken Sandwich",
        "price": 120,
        "qty": 2
      },
      {
        "item_id": "item3",
        "name": "Coffee",
        "price": 40,
        "qty": 4
      }
    ],
    "total": 540,
    "status": "placed",
    "created_at": "2026-01-13T04:50:39.889124"
  },
  {
    "id": "1d3364d8-d727-4252-a63a-7cab52be574d",
    "user_id": "660e0d28-7da8-44b1-962f-e25d50f4a5e1",
    "user_name": "Admin",
    "items": [
      {
        "item_id": "item3",
        "name": "Coffee",
        "price": 40,
        "qty": 1
      }
    ],
    "total": 40,
    "status": "placed",
    "created_at": "2026-01-13T05:17:34.241150"
  },
  {
    "id": "7fd4a797-4a9a-474f-9097-d963256f0e14",
    "user_id": "660e0d28-7da8-44b1-962f-e25d50f4a5e1",
    "user_name": "Admin",
    "items": [
      {
        "item_id": "item1",
        "name": "Veg Burger",
        "price": 70,
        "qty": 10
      },
      {
        "item_id": "item2",
        "name": "Chicken Sandwich",
        "price": 120,
        "qty": 10
      },
      {
        "item_id": "item3",
        "name": "Coffee",
        "price": 40,
        "qty": 10
      },
      {
        "item_id": "76e94e29-7b34-49d3-92b8-f1fcc2eae7f8",
        "name": "Hot Coffee",
        "price": 999,
        "qty": 10
      }
    ],
    "total": 12290,
    "status": "placed",
    "created_at": "2026-01-13T05:22:43.440414"
  }
]