[
  {
    "id": "9bbd78d3-109e-4843-82fd-bc13a71610aa",
    "user_id": "660e0d28-7da8-44b1-962f-e25d50f4a5e1",
    "user_name": "Admin",
    "items": [
      {
        "item_id": "item1",
        "name": "Veg Burger",
        "price": 70,
        "qty": 6
      },
      {
        "item_id": "item2",
        "name": "Chicken Sandwich",
        "price": 120,
        "qty": 6
      },
      {
        "item_id": "item3",
        "name": "Coffee",
        "price": 40,
        "qty": 4
      }
    ],
    "total": 1300,
    "status": "placed",
    "created_at": "2026-01-14T03:43:36.496574"
  }
]