[
  {
    "id": "fe7b9074-e726-4938-818c-f348225cd563",
    "user_id": "b2b512ff-f885-4701-8cf8-727b6b933077",
    "user_name": "Shaunak",
    "items": [
      {
        "item_id": "item1",
        "name": "Veg Burger",
        "price": 70,
        "qty": 1
      },
      {
        "item_id": "item2",
        "name": "Chicken Sandwich",
        "price": 120,
        "qty": 1
      },
      {
        "item_id": "item3",
        "name": "Coffee",
        "price": 40,
        "qty": 1
      }
    ],
    "total": 230,
    "status": "placed",
    "created_at": "2025-12-12T16:06:41.677317"
  },
  {
    "id": "0f7525ca-4d56-489b-8592-17b253a17aa1",
    "user_id": "b2b512ff-f885-4701-8cf8-727b6b933077",
    "user_name": "Shaunak",
    "items": [
      {
        "item_id": "item1",
        "name": "Veg Burger",
        "price": 70,
        "qty": 2
      },
      {
        "item_id": "item2",
        "name": "Chicken Sandwich",
        "price": 120,
        "qty": 1
      },
      {
        "item_id": "item3",
        "name": "Coffee",
        "price": 40,
        "qty": 1
      }
    ],
    "total": 300,
    "status": "placed",
    "created_at": "2025-12-12T16:07:53.915743"
  },
  {
    "id": "e2480ee2-5829-47fb-9815-7f627c7fc823",
    "user_id": "b2b512ff-f885-4701-8cf8-727b6b933077",
    "user_name": "Shaunak",
    "items": [
      {
        "item_id": "item1",
        "name": "Veg Burger",
        "price": 70,
        "qty": 1
      },
      {
        "item_id": "item2",
        "name": "Chicken Sandwich",
        "price": 120,
        "qty": 1
      },
      {
        "item_id": "item3",
        "name": "Coffee",
        "price": 40,
        "qty": 1
      }
    ],
    "total": 230,
    "status": "placed",
    "created_at": "2025-12-12T17:41:06.955029"
  }
]