[
  {
    "id": "660e0d28-7da8-44b1-962f-e25d50f4a5e1",
    "name": "Admin",
    "email": "admin@tagoreint.com",
    "password_hash": "scrypt:32768:8:1$CO1SQ5XaHylxkb3A$01db6a246968f62dcdcbaf07ee5dbeefde3221f6f4ec2a1a4ec9f545f90434b997d7f843a28d11f702d72bcc0420cfc7050d05d416bda953ac8c012714634ae9",
    "is_admin": true
  },
  {
    "id": "b2b512ff-f885-4701-8cf8-727b6b933077",
    "name": "Shaunak",
    "email": "shaunakmohotra@tagoreint.com",
    "password_hash": "scrypt:32768:8:1$JCC6OIUZz579U5QV$e3bc7d893f2c631174dd965789418e6d7773e4e4178883a93aebfee5cc858a240e90717e382683dfa7eefccb642964b26f7925f27e58f25c21001ad557494312",
    "is_admin": false
  },
  {
    "id": "b2b512ff-f885-4701-8cf8-727b6b933077",
    "name": "Cafeteria",
    "email": "cafe@tagoreint.com",
    "password_hash": "scrypt:32768:8:1$JCC6OIUZz579U5QV$e3bc7d893f2c631174dd965789418e6d7773e4e4178883a93aebfee5cc858a240e90717e382683dfa7eefccb642964b26f7925f27e58f25c21001ad557494312",
    "is_admin": true
  },
  {
    "id": "249c278d-01c2-4408-acfe-9e5192eb4a01",
    "name": "Admin",
    "email": "admin@example.com",
    "password_hash": "scrypt:32768:8:1$hmWkmBgYOxM10SgQ$6bf6cce617b58c4fed08de5b8ae4adae25a6ec0734066b4a275364024f2b6d351d04658e318140e1d624f1fca5b4554a1ce234933d898e183054badb02da1aec",
    "is_admin": true
  }
]