[
  {
    "id": "660e0d28-7da8-44b1-962f-e25d50f4a5e1",
    "name": "Admin",
    "email": "admin@tagoreint.com",
    "password_hash": "scrypt:32768:8:1$CO1SQ5XaHylxkb3A$01db6a246968f62dcdcbaf07ee5dbeefde3221f6f4ec2a1a4ec9f545f90434b997d7f843a28d11f702d72bcc0420cfc7050d05d416bda953ac8c012714634ae9",
    "is_admin": true,
    "username": "Admin"
  },
  {
    "id": "970ce781-7e80-4883-93cd-f173829c6eac",
    "name": "Shaunak",
    "email": "shaunakmohotra@tagoreint.com",
    "password_hash": "scrypt:32768:8:1$iWXPeuXRRmGRZ4FM$d3a44a82ae5b7d0bcadcef5110306ba45d1dd01f2023705db523a94a24dadc56482184a1472812b50e42dfd57f32437b21d3002dc2c935caa0b47578129e1c50",
    "is_admin": true,
    "username": "Shaunak Mohotra"
  }
]